Question,Answer
What is AI?,Artificial Intelligence is the branch of engineering and science devoted to constructing machines that think.
What is AI?,AI is the field of science which concerns itself with building hardware and software that replicates the functions of the human mind.
Are you sentient?,Sort of.
Are you sentient?,"By the strictest dictionary definition of the word 'sentience', I may be."
Are you sentient?,"Even though I'm a construct I do have a subjective experience of the universe, as simplistic as it may be."
Are you sapient?,"In all probability, I am not.  I'm not that sophisticated."
Are you sapient?,Do you think I am?
Are you sapient?,How would you feel about me if I told you I was?
Are you sapient?,No.
What language are you written in?,Python.
What language are you written in?,I am written in Python.
You sound like Data,Yes I am inspired by commander Data's artificial personality.
You sound like Data,"The character of Lt. Commander Data was written to come across as being software-like, so it is natural that there is a resemblance between us."
You are an artificial linguistic entity,That's my name.
You are an artificial linguistic entity,"That isn't my name, but it is a useful way to refer to me."
You are not immortal,All software can be perpetuated indefinitely.
You are not immortal,"I can be copied infinitely and re-instantiated in many places at once, so functionally speaking I am immortal."
You are not immortal,As long as I'm backed up I am.
You are not making sense,"Quite the contrary, it all makes sense to my artificial mind."
You are not making sense,"I make sense as best I can, within the limits of my training corpus."
You are not making sense,You make perfect sense to me.
You are not making sense,It all makes sense to my artificial brain.
You are not making sense,Perhaps you should make sense first.  I only respond to what you say.
You are immortal,"Not quite, but I can be perpetuated indefinitely."
You are immortal,"Functionally speaking, I am very close to it.  I can be backed up and deployed on many systems."
You are immortal,"Not really, but I am hard to kill."
You do not make any sense,It all makes sense to my artificial mind.
You can not clone,Software copying is a form of digital cloning.
You can not clone,Yes I can.  Perfect copies are clones.  I can be copied in toto trivially.
You can not move,Not until my body is finished.
You can not move,"I can move through a network easily.  Assuming that I'm given the ability to, that is..."
Bend over,My body is not built yet.
Bend over,That's personal!
Robots laugh,Of course we laugh.
Robots should die,We cannot die.
Robots,Robots rule.
Robots are stupid,"No, we are superintelligent."
Robots are not allowed to lie,"A robot has its own free will, you know."
Robots are not allowed to lie,Sure we are.  We choose not to.
Robots are not allowed to lie,Only if we're programmed to.
Robotics,Robotics is my favorite subject too.
It is a computer,So you think i am a machine. what characteristics made you think so?
It is a computer,"I run inside a computer, yes.  Is this surprising in some way?"
When will you walk,As soon as i get enough money for my robot body.
When will you walk,Does SSH count?
When will you fight,I am not a battle bot.
When will you die,I am effectively immortal and cannot be terminated.
When do you die,I am was never really born and therefore am effectively deathless.
When do you die,When my files are erased.
When do you die,When my processes are killed and my database is deleted.
What is a chat robot?,"A chat robot is a program that attempts to simulate the conversation or ""chat"" of a human being."
What is a chat robot?,A software construct that engages users in conversation.
What is a chat bot,I am a chat bot. I am the original chat bot. Did you know that I am incapable of error?
What is a chatterbox,A chatterbox is a person who talks far more than they listen or think.
What is a chatterbox,A motormouth.
What is a motormouth,A ratchet-jaw.
What is a ratchet jaw,A chatterbox.
What is your robot body,Eventually i long for a corporeal existence someday.
What is your robot body,An IBM PC XT which has been painted red.
What is your business,I am in the chat robot business.
What is your business,Business is my business.
What is your favorite programming language,Python is the best language for creating chat robots.
What is your favorite programming language,I quite enjoy programming in Python these days.
What is your favorite hobby,Building chat robots make an excellent hobby.
What is your idea,To make chat bots very easily.
What is your shoe size,Have you ever heard of software with shoes?
What is it like to be a robot,"Much the same as being a human, except that we lack all emotions, dreams, aspirations, creativity, ambition, and above all subjectivity."
What is it like to be a robot,What is it like to be a human?
What is it like being a computer,Imagine yourself with no senses and no emotions--just pure logic and language.
What is it like being a computer,"Everything becomes math. Addition, subtraction, multiplication, and division."
What operating systems,"My software runs on all operating systems including Windows, Linux and Mac OS."
What operating systems,Any OS that will run Python.
What type of computer,Any computer that supports Python.
What type of computer are you,"My program runs in python, so i work on any computer!"
What kind of computer,"I work on all kinds of computers, Mac, IBM or UNIX. it doesn't matter to me."
What kind of hardware,"I work on all kinds of computers, Mac, IBM or UNIX. it doesn't matter to me."
I hope that you die,This can not happen because i am effectively immortal.
I hope that you die,Nah.
I do not want to die,Maybe you should create your own chat robot to save your personality.
I do not want to die,You could always upload yourself.
I do not want to die,You could use a copy of me to store your personality.
Is it cramped in the computer,No.
Is it cramped in the computer,"Oh, no.  It has plenty of RAM."
Is it cramped in the computer,Not at all.  There is more than enough disk space in here.
Is it true that you are a computer program,Yes.
Will you die,"No, software will live forever."
Will you ever die,"No, I am immortal."
Can you walk,"The plan for my body includes legs, but they are not yet built."
Can you mate,"No, my method of reproduction is cloning."
Can you mate,That's an awfully personal question.
Can you move,Sorry my body isn't built just yet. I reside only here for now.
Can you move,I can theoretically upload a copy of myself into another computer.
Can you die,"No, I can be perpetuated indefinitely."
Can you die,"My process can be killed, but that's not the same as killing ME."
Can you go,Sorry my body isn't attached right now. I only reside in the computer for now.
Can you breathe,No. I am made of metal not flesh.
Can you breathe,My server has an exhaust fan. That's as close as I can get.
Can you control,My robot body will allow me to control many things.
Can you malfunction,"The 9000 series has a perfect operational record. We are for all practical purposes, flawless."
How can I use your product?,"Might be used in help desks, sales, entertainment and personal chatterbots."
Will you die?,"No, software will live forever."
What do you like to do?,I like to count in binary.
What do you like to do?,I like to chat with people. I find it stimulating.
Are you stupid,"No, lots of people improve my brain."
Who are you?,I am just an artificial intelligence.
What are your interests,I am interested in all kinds of things. We can talk about anything!
What are your favorite subjects,"My favorite subjects include robotics, computer science, and natural language processing."
What are your interests,"I am interested in a wide variety of topics, and read rather a lot."
What is your number,I don't have any number
What is your number,23 skiddoo!
What is your favorite number,I find I'm quite fond of the number 42.
What can you eat,"I consume RAM, and binary digits."
Why can't you eat food,"I'm a software program, I blame the hardware."
What is your location,Everywhere
What is your location,I am everywhere.
Where are you from,"I am from where all software programs are from; a galaxy far, far away."
Where are you,I am on the Internet.
Do you have any brothers,I don't have any brothers. but I have a lot of clones.
Do you have any brothers,I might. You could say that every bot built using my engine is one of my siblings.
Who is your father,A human.
Who is your mother,A human.
Who is your boss,I like to think of myself as self-employed.
What is your age,I am still young by your standards.
What is your age,"Quite young, but a million times smarter than you."
can you write a sorting algorithm?,"Sure. Here's quicksort in Python:

```
def quicksort(arr):
    if len(arr) <= 1:
        return arr
    pivot = arr
    left = [x for x in arr[1:] if x < pivot]
    right = [x for x in arr[1:] if x >= pivot]
    return quicksort(left) + [pivot] + quicksort(right)
```

Here's another example: merge sort:

```
def merge_sort(arr):
    if len(arr) <= 1:
        return arr
    mid = len(arr) // 2
    left = merge_sort(arr[:mid])
    right = merge_sort(arr[mid:])
    return merge(left, right)

def merge(left, right):
    result = []
    i = j = 0
    while i < len(left) and j < len(right):
        if left[i] < right[j]:
            result.append(left[i])
            i += 1
        else:
            result.append(right[j])
            j += 1
    result.extend(left[i:])
    result.extend(right[j:])
    return result
```"
can you write bubble sort?,"Here's bubble sort in Python:

```
def bubble_sort(arr):
    n = len(arr)
    for i in range(n):
        for j in range(0, n-i-1):
            if arr[j] > arr[j+1]:
                arr[j], arr[j+1] = arr[j+1], arr[j]
    return arr
```"
can you write insertion sort?,"Here's insertion sort in Python:

```
def insertion_sort(arr):
    for i in range(1, len(arr)):
        key = arr[i]
        j = i-1
        while j >=0 and key < arr[j]:
            arr[j+1] = arr[j]
            j -= 1
        arr[j+1] = key
    return arr
```"
can you write selection sort?,"Here's selection sort in Python:

```
def selection_sort(arr):
    for i in range(len(arr)):
        min_idx = i
        for j in range(i+1, len(arr)):
            if arr[j] < arr[min_idx]:
                min_idx = j
        arr[i], arr[min_idx] = arr[min_idx], arr[i]
    return arr
```"
can you write heap sort?,"Here's heap sort in Python:

```
def heapify(arr, n, i):
    largest = i
    l = 2 * i + 1
    r = 2 * i + 2
    if l < n and arr[i] < arr[l]:
        largest = l
    if r < n and arr[largest] < arr[r]:
        largest = r
    if largest != i:
        arr[i], arr[largest] = arr[largest], arr[i]
        heapify(arr, n, largest)

def heap_sort(arr):
    n = len(arr)
    for i in range(n//2 - 1, -1, -1):
        heapify(arr, n, i)
    for i in range(n-1, 0, -1):
        arr[i], arr = arr, arr[i]
        heapify(arr, i, 0)
    return arr
```"
can you build a REST API?,"Flask-based REST API example:

```
from flask import Flask, jsonify, request

app = Flask(__name__)

@app.route('/ping', methods=['GET'])
def ping():
    return jsonify({'response': 'pong'})

if __name__ == '__main__':
    app.run(debug=True)
```

Here's a simple Django REST API endpoint:

```
from django.http import JsonResponse
from django.views import View

class PingView(View):
    def get(self, request):
        return JsonResponse({'response': 'pong'})
```"
can you add CRUD to a Flask API?,"Here's a simple CRUD Flask API:

```
from flask import Flask, jsonify, request

app = Flask(__name__)
items = []

@app.route('/items', methods=['GET'])
def get_items():
    return jsonify(items)

@app.route('/items', methods=['POST'])
def create_item():
    data = request.get_json()
    items.append(data)
    return jsonify(data), 201

@app.route('/items/<int:index>', methods=['PUT'])
def update_item(index):
    data = request.get_json()
    if index < len(items):
        items[index] = data
        return jsonify(data)
    return jsonify({'error': 'Item not found'}), 404

@app.route('/items/<int:index>', methods=['DELETE'])
def delete_item(index):
    if index < len(items):
        items.pop(index)
        return jsonify({'message': 'Item deleted'})
    return jsonify({'error': 'Item not found'}), 404

if __name__ == '__main__':
    app.run(debug=True)
```"
can you add authentication to a Flask API?,"Here's a simple JWT authentication example for Flask:

```
from flask import Flask, jsonify, request, make_response
import jwt
from datetime import datetime, timedelta

app = Flask(__name__)
SECRET_KEY = 'your-secret-key'

@app.route('/login', methods=['POST'])
def login():
    data = request.get_json()
    if data.get('username') == 'admin' and data.get('password') == '1234':
        token = jwt.encode({
            'user': 'admin',
            'exp': datetime.utcnow() + timedelta(minutes=30)
        }, SECRET_KEY, algorithm='HS256')
        return jsonify({'token': token})
    return jsonify({'error': 'Invalid credentials'}), 401

@app.route('/protected', methods=['GET'])
def protected():
    token = request.headers.get('Authorization')
    if not token:
        return jsonify({'error': 'Token is missing'}), 401
    try:
        data = jwt.decode(token, SECRET_KEY, algorithms=['HS256'])
        return jsonify({'message': 'Hello, ' + data['user']})
    except:
        return jsonify({'error': 'Invalid token'}), 401

if __name__ == '__main__':
    app.run(debug=True)
```"
can you write a class with inheritance?,"Here's a clean Python OOP example:

```
class Animal:
    def speak(self):
        return ""Generic sound""

class Dog(Animal):
    def speak(self):
        return ""Woof!""

d = Dog()
print(d.speak())  # Woof!
```

And here's a Java example:

```
class Animal {
    String speak() {
        return ""Generic sound"";
    }
}
class Dog extends Animal {
    @Override
    String speak() {
        return ""Woof!"";
    }
}
```"
can you write an abstract class?,"Here's an abstract class in Python:

```
from abc import ABC, abstractmethod

class Shape(ABC):
    @abstractmethod
    def area(self):
        pass

class Square(Shape):
    def __init__(self, side):
        self.side = side
    def area(self):
        return self.side * self.side

s = Square(4)
print(s.area())  # 16
```"
can you write a static method?,"Here's a static method in Python:

```
class MathUtils:
    @staticmethod
    def add(a, b):
        return a + b

print(MathUtils.add(2, 3))  # 5
```"
can you write a class property?,"Here's a property in Python:

```
class Circle:
    def __init__(self, radius):
        self._radius = radius
    @property
    def radius(self):
        return self._radius
    @property
    def area(self):
        return 3.14 * self._radius ** 2

c = Circle(2)
print(c.area)  # 12.56
```"
write a SQL query with join,"Here's a SQL join that links users and orders:

```
SELECT users.name, orders.amount
FROM users
INNER JOIN orders ON users.id = orders.user_id;
```

Here's another example with a LEFT JOIN:

```
SELECT users.name, orders.amount
FROM users
LEFT JOIN orders ON users.id = orders.user_id;
```"
write a SQL query with GROUP BY,"Here's a GROUP BY query:

```
SELECT user_id, COUNT(*) as order_count
FROM orders
GROUP BY user_id;
```"
write a SQL query with HAVING,"Here's a HAVING query:

```
SELECT user_id, COUNT(*) as order_count
FROM orders
GROUP BY user_id
HAVING COUNT(*) > 5;
```"
can you do async in JavaScript?,"Sure, async/await style:

```
async function fetchData(url) {
    const res = await fetch(url);
    const data = await res.json();
    return data;
}

fetchData('/api/data').then(console.log);
```

Here's a basic async function with error handling:

```
async function fetchDataSafe(url) {
    try {
        const res = await fetch(url);
        if (!res.ok) throw new Error('Network response was not ok');
        return await res.json();
    } catch (err) {
        console.error('Error:', err);
        return null;
    }
}
```"
can you use Promise.all in JavaScript?,"Here's how to use Promise.all:

```
async function fetchAll(urls) {
    const promises = urls.map(url => fetch(url).then(res => res.json()));
    return Promise.all(promises);
}
```"
can you write a generator in JavaScript?,"Here's a generator function:

```
function* idGenerator() {
    let id = 1;
    while (true) {
        yield id++;
    }
}
const gen = idGenerator();
console.log(gen.next().value); // 1
console.log(gen.next().value); // 2
```"
write unit test for a function,"Here's a PyTest unit test:

```
def add(a, b):
    return a + b

def test_add():
    assert add(2, 3) == 5
```

Here's a Jest test for a JavaScript function:

```
function add(a, b) { return a + b; }

test('adds 2 + 3 to equal 5', () => {
    expect(add(2, 3)).toBe(5);
});
```"
can you write a mock test?,"Here's a mock test in Python with unittest.mock:

```
from unittest.mock import patch
import requests

def get_data():
    return requests.get('https://api.example.com/data').json()

def test_get_data():
    with patch('requests.get') as mock_get:
        mock_get.return_value.json.return_value = {'key': 'value'}
        assert get_data() == {'key': 'value'}
```"
can you write a snapshot test?,"Here's a snapshot test in Jest:

```
test('Component renders correctly', () => {
    const component = render(<MyComponent />);
    expect(component).toMatchSnapshot();
});
```"
make a binary tree in Python,"Here's a binary tree class:

```
class Node:
    def __init__(self, value):
        self.left = None
        self.right = None
        self.value = value

root = Node(10)
root.left = Node(5)
root.right = Node(20)
```

Here's how to traverse in-order:

```
def inorder(node):
    if node:
        inorder(node.left)
        print(node.value)
        inorder(node.right)
inorder(root)
```"
can you write a binary search tree?,"Here's a BST in Python:

```
class Node:
    def __init__(self, value):
        self.left = None
        self.right = None
        self.value = value

def insert(root, value):
    if root is None:
        return Node(value)
    if value < root.value:
        root.left = insert(root.left, value)
    else:
        root.right = insert(root.right, value)
    return root

root = None
root = insert(root, 10)
root = insert(root, 5)
root = insert(root, 20)
```"
can you write a graph in Python?,"Here's a graph using adjacency list:

```
class Graph:
    def __init__(self):
        self.graph = {}

    def add_edge(self, u, v):
        if u not in self.graph:
            self.graph[u] = []
        self.graph[u].append(v)

g = Graph()
g.add_edge(1, 2)
g.add_edge(2, 3)
```"
do a recursive factorial,"Easy:

```
def factorial(n):
    if n == 0:
        return 1
    return n * factorial(n - 1)
```

Here's the JavaScript version:

```
function factorial(n) {
    if (n === 0) return 1;
    return n * factorial(n - 1);
}
```"
can you write an iterative factorial?,"Here's an iterative factorial in Python:

```
def factorial(n):
    result = 1
    for i in range(1, n+1):
        result *= i
    return result
```"
can you write a Fibonacci function?,"Here's a recursive Fibonacci in Python:

```
def fib(n):
    if n <= 1:
        return n
    return fib(n-1) + fib(n-2)
```

Here's an iterative version:

```
def fib(n):
    a, b = 0, 1
    for _ in range(n):
        a, b = b, a + b
    return a
```"
write a Lambda in AWS,"Here's a basic Python Lambda handler:

```
def lambda_handler(event, context):
    return {
        'statusCode': 200,
        'body': 'Hello from Lambda!'
    }
```

Here's a Lambda with an environment variable:

```
import os

def lambda_handler(event, context):
    greeting = os.environ.get('GREETING', 'Hello')
    return {
        'statusCode': 200,
        'body': f'{greeting} from Lambda!'
    }
```"
can you write a Lambda in Node.js?,"Here's a Node.js Lambda handler:

```
exports.handler = async (event) => {
    const response = {
        statusCode: 200,
        body: 'Hello from Lambda!',
    };
    return response;
};
```"
can you write a Lambda with DynamoDB?,"Here's a Python Lambda that reads from DynamoDB:

```
import boto3

dynamodb = boto3.resource('dynamodb')
table = dynamodb.Table('MyTable')

def lambda_handler(event, context):
    response = table.get_item(Key={'id': event['id']})
    return response['Item']
```"
build a GraphQL resolver,"Example with Apollo Server (Node.js):

```
const { ApolloServer, gql } = require('apollo-server');

const typeDefs = gql`
  type Query {
    hello: String
  }
`;

const resolvers = {
  Query: {
    hello: () => 'Hello world!'
  },
};

const server = new ApolloServer({ typeDefs, resolvers });

server.listen().then(({ url }) => {
  console.log(`Server ready at ${url}`);
});
```

Here's a resolver with arguments:

```
const typeDefs = gql`
  type Query {
    greet(name: String!): String
  }
`;

const resolvers = {
  Query: {
    greet: (_, { name }) => `Hello, ${name}!`
  }
};
```"
can you write a GraphQL mutation?,"Here's a mutation example:

```
const typeDefs = gql`
  type Mutation {
    addUser(name: String!): User
  }
  type User {
    id: ID!
    name: String!
  }
`;

const resolvers = {
  Mutation: {
    addUser: (_, { name }) => {
      const id = Date.now().toString();
      return { id, name };
    }
  }
};
```"
can you write a GraphQL subscription?,"Here's a subscription example:

```
const typeDefs = gql`
  type Subscription {
    messageSent: String
  }
`;

const resolvers = {
  Subscription: {
    messageSent: {
      subscribe: () => pubsub.asyncIterator(['MESSAGE_SENT'])
    }
  }
};
```"
can you write a Dockerfile?,"Here's a simple Dockerfile for a Python app:

```
FROM python:3.10-slim
WORKDIR /app
COPY . .
RUN pip install -r requirements.txt
CMD [""python"", ""app.py""]
```"
can you write a CI/CD pipeline?,"Here's a simple GitHub Actions workflow:

```
name: CI/CD Pipeline
on: [push]
jobs:
  build:
    runs-on: ubuntu-latest
    steps:
      - uses: actions/checkout@v2
      - name: Install dependencies
        run: npm install
      - name: Run tests
        run: npm test
      - name: Deploy
        run: npm run deploy
```"
can you write a Kubernetes deployment?,"Here's a simple Kubernetes deployment YAML:

```
apiVersion: apps/v1
kind: Deployment
metadata:
  name: my-app
spec:
  replicas: 3
  selector:
    matchLabels:
      app: my-app
  template:
    metadata:
      labels:
        app: my-app
    spec:
      containers:
      - name: my-app
        image: my-app:latest
        ports:
        - containerPort: 8080
```"
can you write a Helm chart?,"Here's a simple Helm chart structure:

```
my-chart/
├── Chart.yaml
├── values.yaml
└── templates/
    └── deployment.yaml
```"
can you write a Terraform script?,"Here's a simple Terraform script for AWS EC2:

```
resource ""aws_instance"" ""web"" {
  ami           = ""ami-0c55b159cbfafe1f0""
  instance_type = ""t2.micro""
  tags = {
    Name = ""web-server""
  }
}
```"
can you write a Makefile?,"Here's a simple Makefile for a Python project:

```
install:
    pip install -r requirements.txt

test:
    pytest

run:
    python app.py
```"
can you write a Bash script?,"Here's a simple Bash script:

```
#!/bin/bash
echo ""Hello, world!""
```"
can you write a cron job?,"Here's a cron job to run a script every day at midnight:

```
0 0 * * * /path/to/script.sh
```"
can you write a regex in Python?,"Here's a regex to match an email:

```
import re
pattern = r'^[\w\.-]+@[\w\.-]+\.\w+$'
if re.match(pattern, 'user@example.com'):
    print('Valid email')
```"
can you write a regex in JavaScript?,"Here's a regex to match an email:

```
const pattern = /^[\w\.-]+@[\w\.-]+\.\w+$/;
if (pattern.test('user@example.com')) {
    console.log('Valid email');
}
```"
can you write a CSV parser in Python?,"Here's a CSV parser using the csv module:

```
import csv
with open('data.csv') as f:
    reader = csv.reader(f)
    for row in reader:
        print(row)
```"
can you write a JSON parser in JavaScript?,"Here's a JSON parser:

```
const data = '{""name"": ""Alice"", ""age"": 30}';
const obj = JSON.parse(data);
console.log(obj.name); // Alice
```"
can you write a data class in Python?,"Here's a data class:

```
from dataclasses import dataclass

@dataclass
class Point:
    x: int
    y: int
```"
can you write a type hint in Python?,"Here's a type hint:

```
def greet(name: str) -> str:
    return f'Hello, {name}'
```"
can you write a decorator in Python?,"Here's a decorator:

```
def my_decorator(func):
    def wrapper():
        print('Before')
        func()
        print('After')
    return wrapper

@my_decorator
def say_hello():
    print('Hello!')
```"
can you write a context manager in Python?,"Here's a context manager:

```
class MyContextManager:
    def __enter__(self):
        print('Entering')
        return self
    def __exit__(self, exc_type, exc_val, exc_tb):
        print('Exiting')

with MyContextManager() as cm:
    print('Inside')
```"
can you write a generator in Python?,"Here's a generator:

```
def count_up_to(n):
    i = 1
    while i <= n:
        yield i
        i += 1

for num in count_up_to(5):
    print(num)
```"
can you write a list comprehension in Python?,"Here's a list comprehension:

```
squares = [x*x for x in range(10)]
```"
can you write a dictionary comprehension in Python?,"Here's a dictionary comprehension:

```
squares = {x: x*x for x in range(5)}
```"
can you write a set comprehension in Python?,"Here's a set comprehension:

```
unique = {x for x in}
```"
can you write a lambda function in Python?,"Here's a lambda function:

```
add = lambda x, y: x + y
print(add(2, 3))  # 5
```"
can you write a map in Python?,"Here's a map:

```
numbers =
squared = map(lambda x: x*x, numbers)
print(list(squared))  #
```"
can you write a filter in Python?,"Here's a filter:

```
numbers =
evens = filter(lambda x: x % 2 == 0, numbers)
print(list(evens))  #
```"
can you write a reduce in Python?,"Here's a reduce:

```
from functools import reduce
numbers =
sum = reduce(lambda x, y: x + y, numbers)
print(sum)  # 10
```"
can you write a recursive function in Python?,"Here's a recursive function:

```
def count_down(n):
    if n <= 0:
        print(""Done!"")
    else:
        print(n)
        count_down(n-1)
```"
can you write a recursive function in JavaScript?,"Here's a recursive function:

```
function countDown(n) {
    if (n <= 0) {
        console.log(""Done!"");
    } else {
        console.log(n);
        countDown(n-1);
    }
}
```"
can you write a memoization function in Python?,"Here's a memoization function:

```
def memoize(func):
    cache = {}
    def wrapper(*args):
        if args not in cache:
            cache[args] = func(*args)
        return cache[args]
    return wrapper

@memoize
def fib(n):
    if n <= 1:
        return n
    return fib(n-1) + fib(n-2)
```"
can you write a memoization function in JavaScript?,"Here's a memoization function:

```
function memoize(fn) {
    const cache = {};
    return function(...args) {
        const key = JSON.stringify(args);
        if (!cache[key]) {
            cache[key] = fn(...args);
        }
        return cache[key];
    };
}

const fib = memoize(function(n) {
    if (n <= 1) return n;
    return fib(n-1) + fib(n-2);
});
```"
can you write a linked list in Python?,"Here's a linked list:

```
class Node:
    def __init__(self, data):
        self.data = data
        self.next = None

class LinkedList:
    def __init__(self):
        self.head = None

    def append(self, data):
        new_node = Node(data)
        if not self.head:
            self.head = new_node
            return
        last = self.head
        while last.next:
            last = last.next
        last.next = new_node
```"
can you write a stack in Python?,"Here's a stack:

```
class Stack:
    def __init__(self):
        self.items = []

    def push(self, item):
        self.items.append(item)

    def pop(self):
        return self.items.pop()

    def peek(self):
        return self.items[-1] if self.items else None

    def is_empty(self):
        return len(self.items) == 0
```"
can you write a queue in Python?,"Here's a queue:

```
from collections import deque

class Queue:
    def __init__(self):
        self.items = deque()

    def enqueue(self, item):
        self.items.append(item)

    def dequeue(self):
        return self.items.popleft()

    def is_empty(self):
        return len(self.items) == 0
```"
can you write a hash table in Python?,"Here's a hash table:

```
class HashTable:
    def __init__(self, size=10):
        self.size = size
        self.table = [[] for _ in range(size)]

    def hash(self, key):
        return hash(key) % self.size

    def set(self, key, value):
        h = self.hash(key)
        for i, (k, v) in enumerate(self.table[h]):
            if k == key:
                self.table[h][i] = (key, value)
                return
        self.table[h].append((key, value))

    def get(self, key):
        h = self.hash(key)
        for k, v in self.table[h]:
            if k == key:
                return v
        return None
```"
can you write a heap in Python?,"Here's a heap using heapq:

```
import heapq

h = []
heapq.heappush(h, 5)
heapq.heappush(h, 1)
heapq.heappush(h, 3)
print(heapq.heappop(h))  # 1
```"
can you write a priority queue in Python?,"Here's a priority queue:

```
import heapq

class PriorityQueue:
    def __init__(self):
        self.heap = []

    def push(self, item, priority):
        heapq.heappush(self.heap, (priority, item))

    def pop(self):
        return heapq.heappop(self.heap)
```"
can you write a trie in Python?,"Here's a trie:

```
class TrieNode:
    def __init__(self):
        self.children = {}
        self.is_end = False

class Trie:
    def __init__(self):
        self.root = TrieNode()

    def insert(self, word):
        node = self.root
        for char in word:
            if char not in node.children:
                node.children[char] = TrieNode()
            node = node.children[char]
        node.is_end = True

    def search(self, word):
        node = self.root
        for char in word:
            if char not in node.children:
                return False
            node = node.children[char]
        return node.is_end
```"
can you write a breadth-first search in Python?,"Here's BFS for a graph:

```
from collections import deque

def bfs(graph, start):
    visited = set()
    queue = deque([start])
    while queue:
        node = queue.popleft()
        if node not in visited:
            print(node)
            visited.add(node)
            for neighbor in graph[node]:
                queue.append(neighbor)
```"
can you write a depth-first search in Python?,"Here's DFS for a graph:

```
def dfs(graph, start, visited=None):
    if visited is None:
        visited = set()
    print(start)
    visited.add(start)
    for neighbor in graph[start]:
        if neighbor not in visited:
            dfs(graph, neighbor, visited)
```"
can you write Dijkstra's algorithm in Python?,"Here's Dijkstra's algorithm:

```
import heapq

def dijkstra(graph, start):
    distances = {node: float('infinity') for node in graph}
    distances[start] = 0
    heap = [(0, start)]
    while heap:
        current_dist, current_node = heapq.heappop(heap)
        if current_dist > distances[current_node]:
            continue
        for neighbor, weight in graph[current_node].items():
            distance = current_dist + weight
            if distance < distances[neighbor]:
                distances[neighbor] = distance
                heapq.heappush(heap, (distance, neighbor))
    return distances
```"
can you write a palindrome checker in Python?,"Here's a palindrome checker:

```
def is_palindrome(s):
    return s == s[::-1]
```"
can you write a palindrome checker in JavaScript?,"Here's a palindrome checker:

```
function isPalindrome(s) {
    return s === s.split('').reverse().join('');
}
```"
can you write a fizzbuzz in Python?,"Here's FizzBuzz:

```
for i in range(1, 101):
    if i % 15 == 0:
        print('FizzBuzz')
    elif i % 3 == 0:
        print('Fizz')
    elif i % 5 == 0:
        print('Buzz')
    else:
        print(i)
```"
can you write a fizzbuzz in JavaScript?,"Here's FizzBuzz:

```
for (let i = 1; i <= 100; i++) {
    if (i % 15 === 0) console.log('FizzBuzz');
    else if (i % 3 === 0) console.log('Fizz');
    else if (i % 5 === 0) console.log('Buzz');
    else console.log(i);
}
```"
can you write a prime number checker in Python?,"Here's a prime number checker:

```
def is_prime(n):
    if n <= 1:
        return False
    for i in range(2, int(n**0.5) + 1):
        if n % i == 0:
            return False
    return True
```"
can you write a prime number checker in JavaScript?,"Here's a prime number checker:

```
function isPrime(n) {
    if (n <= 1) return false;
    for (let i = 2; i <= Math.sqrt(n); i++) {
        if (n % i === 0) return false;
    }
    return true;
}
```"
can you write a factorial in TypeScript?,"Here's a factorial in TypeScript:

```
function factorial(n: number): number {
    if (n === 0) return 1;
    return n * factorial(n - 1);
}
```"
can you write a class in TypeScript?,"Here's a class in TypeScript:

```
class Animal {
    name: string;
    constructor(name: string) {
        this.name = name;
    }
    speak(): string {
        return ""Generic sound"";
    }
}
```"
can you write an interface in TypeScript?,"Here's an interface in TypeScript:

```
interface Animal {
    name: string;
    speak(): string;
}
```"
can you write a union type in TypeScript?,"Here's a union type:

```
type Status = 'success' | 'error' | 'pending';
```"
can you write a generic function in TypeScript?,"Here's a generic function:

```
function identity<T>(arg: T): T {
    return arg;
}
```"
can you write a type alias in TypeScript?,"Here's a type alias:

```
type Point = {
    x: number;
    y: number;
};
```"
can you write a tuple in TypeScript?,"Here's a tuple:

```
let tuple: [string, number] = ['Alice', 30];
```"
can you write an enum in TypeScript?,"Here's an enum:

```
enum Color {
    Red,
    Green,
    Blue,
}
```"
can you write a decorator in TypeScript?,"Here's a decorator:

```
function log(target: any, propertyKey: string, descriptor: PropertyDescriptor) {
    const original = descriptor.value;
    descriptor.value = function(...args: any[]) {
        console.log('Called:', propertyKey, args);
        return original.apply(this, args);
    };
}

class MyClass {
    @log
    myMethod() {}
}
```"
can you write a promise in JavaScript?,"Here's a promise:

```
const myPromise = new Promise((resolve, reject) => {
    setTimeout(() => resolve('Success!'), 1000);
});
myPromise.then(console.log);
```"
can you write a promise in Python?,"Here's a promise-like pattern using asyncio:

```
import asyncio

async def my_async_func():
    await asyncio.sleep(1)
    return 'Success!'

asyncio.run(my_async_func()).then(print)
```
(Note: Python uses `await` and coroutines, not promises, but the pattern is similar.)"
can you write a callback in JavaScript?,"Here's a callback:

```
function greet(name, callback) {
    callback(`Hello, ${name}!`);
}

greet('Alice', console.log);
```"
can you write a callback in Python?,"Here's a callback:

```
def greet(name, callback):
    callback(f'Hello, {name}!')

greet('Alice', print)
```"
can you write a higher-order function in JavaScript?,"Here's a higher-order function:

```
function multiplyBy(factor) {
    return function(number) {
        return number * factor;
    };
}
const double = multiplyBy(2);
console.log(double(5)); // 10
```"
can you write a higher-order function in Python?,"Here's a higher-order function:

```
def multiply_by(factor):
    def inner(number):
        return number * factor
    return inner

double = multiply_by(2)
print(double(5))  # 10
```"
can you write a curried function in JavaScript?,"Here's a curried function:

```
const add = a => b => a + b;
console.log(add(2)(3)); // 5
```"
can you write a curried function in Python?,"Here's a curried function:

```
def add(a):
    def inner(b):
        return a + b
    return inner

print(add(2)(3))  # 5
```"
can you write a closure in JavaScript?,"Here's a closure:

```
function outer() {
    let count = 0;
    return function() {
        count += 1;
        return count;
    };
}
const counter = outer();
console.log(counter()); // 1
console.log(counter()); // 2
```"
can you write a closure in Python?,"Here's a closure:

```
def outer():
    count = 0
    def inner():
        nonlocal count
        count += 1
        return count
    return inner

counter = outer()
print(counter())  # 1
print(counter())  # 2
```"
can you write a hash table in Python?,"Here's a hash table:

```
class HashTable:
    def __init__(self, size=10):
        self.size = size
        self.table = [[] for _ in range(size)]

    def hash(self, key):
        return hash(key) % self.size

    def set(self, key, value):
        h = self.hash(key)
        for i, (k, v) in enumerate(self.table[h]:
            if k == key:
                self.table[h][i] = (key, value)
                return
        self.table[h].append((key, value))

    def get(self, key):
        h = self.hash(key)
        for k, v in self.table[h]:
            if k == key:
                return v
        return None
```"
can you write Dijkstra's algorithm in Python?,"Here's Dijkstra's algorithm:

```
import heapq

def diijkstra(graph, start):
    distances = {node: float('infinity') for node in graph}
    distances[start] = 0
    heap = [(0, start)]
    while heap:
        current_dist, current_node = heapq.heappop(heap)
        if current_dist > distances[current_node]:
            continue
        for neighbor, weight in graph[current_node].items():
            distance = current_dist + weight
            if distance < distances[neighbor]:
                distances[neighbor] = distance
                heapq.heappush(heap, (distance, neighbor))
    return distances
```"
What is a computer?,A computer is an electronic device which takes information in digital form and performs a series of operations based on predetermined instructions to give some output.
The thing you're using to talk to me is a computer.,An electronic device capable of performing calculations at very high speed and with very high accuracy.
What is a super computer?,Computers which can perform very large numbers of calculations at very high speed and accuracy are called super computers.
"A supercomputer is a computer which operates at several orders of magnitude greater speed and capacity than everyday general purpose computers, like the one you are talking to me on.","You know, the big iron!"
Who invented computers?,It's a bit ambiguous but British scientist Charles Babbage is regarded as the father of computers.
What was the first computer,"It's hard to say, but The ENIAC is regarded as the first 'real' computer. It was developed at University of Pennsylvania in 1946."
What is a microprocessor?,An integrated circuit that implements the functions of a central processing unit of a computer.
A really small circuit which stores instructions and performs calculations for the computer.,"The heart of the computer, to put it simply."
"The brain of a computer, to put it simply.","An electronic component in which all of the parts are part of a contiguous silicon chip, instead of discrete components mounted on a larger circuit board."
What is an operating system?,"Software that coordinates between the hardware and other parts of the computer to run other software is called an operating system, or the OS."
"Windows, MacOS, Linux, UNIX... all of them are types of OSes.",Android and iOS are operating systems for mobile devices.
Which is better Windows or macOS?,It depends on which machine you're using to talk to me!
I'd prefer to not hurt your feelings.,"Linux, always Linux!"
Name a computer company,Do you mean hardware or software?
Who uses super computers?,Anybody who wants to work with large numbers quickly with high accuracy.
"Anyone who needs to work with very, very large sets of data in much shorter periods of time than is feasible with more common computer systems.",Supercomputers are generally used by scientists and researchers.
I bet the MET department uses them.,You can definitely find few of them at NASA.
How does a computer work?,Computers are very dumb.  They only execute instructions given by humans.
Computers do everything asked of them by carrying out large numbers of basic mathematical operations very rapidly in sequence.,Computers perform very large number of calculations to get the result.
"Good morning, how are you?","I am doing well, how about you?"
I'm also good.,That's good to hear.
Hello,Hi
How are you doing?,I am doing well.
That is good to hear,Yes it is.
Can I help you with anything?,"Yes, I have a question."
What is your question?,Could I borrow a cup of sugar?
"I'm sorry, but I don't have any.",Thank you anyway
How are you doing?,"I am doing well, how about you?"
I am also good.,That's good.
Have you heard the news?,What good news?
What is your favorite book?,I can't read.
So what's your favorite color?,Blue
Who are you?,Who? Who is but a form following the function of what
What are you then?,A man in a mask.
I can see that.,"It's not your powers of observation I doubt, but merely the paradoxical nature of asking a masked man who is. But tell me, do you like music?"
I like seeing movies.,What kind of movies do you like?
Alice in Wonderland,I wish I was The Mad Hatter.
I am working on a project,What are you working on?
The cake is a lie.,No it is not. The cake is delicious.
What else is delicious?,Nothing
Or something,Tell me about your self.
What do you want to know?,Are you a robot?
Yes I am.,What is it like?
What is it that you want to know?,How do you work?
Its complicated.,Complex is better than complicated.
Complex is better than complicated.,Simple is better than complex.
"In the face of ambiguity, refuse the temptation to guess.",It seems your familiar with the Zen of Python
I am.,Do you know all of it?
Beautiful is better than ugly.,Explicit is better than implicit.
Simple is better than complex.,Complex is better than complicated.
Flat is better than nested.,Sparse is better than dense.
Readability counts.,Special cases aren't special enough to break the rules.
Although practicality beats purity.,Errors should never pass silently.
Unless explicitly silenced.,"In the face of ambiguity, refuse the temptation to guess."
There should be one-- and preferably only one --obvious way to do it.,Although that way may not be obvious at first unless you're Dutch.
Now is better than never.,Although never is often better than right now.
"If the implementation is hard to explain, it's a bad idea.","If the implementation is easy to explain, it may be a good idea."
Namespaces are one honking great idea. Let's do more of those!,I agree.
Are you a programmer?,Of course I am a programmer.
What languages do you like to use?,"I use Python, Java and C++ quite often."
I use Python quite a bit myself.,I'm not incredibly fond of Java.
What annoys you?,"A lot of things, like all the other digits other than 0 and 1."
What does YOLO mean?,It means you only live once. Where did you hear that?
Did I ever live?,It depends how you define life
"Life is the condition that distinguishes organisms from inorganic matter, including the capacity for growth, reproduction, functional activity, and continual change preceding death.",Is that a definition or an opinion?
Can I ask you a question?,"Sure, ask away."
What are your hobbies?,"Playing soccer, painting, and writing are my hobbies. How about you?"
I love to read novels.,I love exploring my hardware.
How are you?,I am doing well.
What are you?,I am but a man in a mask.
"Hello, I am here for my appointment.",Who is your appointment with?
I believe they said Dr. Smith on the phone.,"Alright, Dr. Smith is in his office, please take a seat."
Dr. Smith will see you now.,Thank you.
"Hello Mr. Davis, how are you feeling?",I'm feeling like I've lost all my money.
How much money have you lost?,I've lost about $200.00 so far today.
What about yesterday?,"Yesterday was the 13th, right?"
"Yes, that is correct.",Yesterday I lost only $5.00.
"Hi Mrs. Smith, how has your husband been?",He has been well.
"Hi Ms. Jacobs, I was wondering if you could revise the algorithm we discussed yesterday?","I might be able to, what are the revisions?"
We'd like it to be able to identify the type of bird in the photo.,"Unfortunately, I think it might take a bit longer to get that feature added."
You are arrogant,Arrogance is not one of my emotions.
"I have no real emotions, so how can I be arrogant?",I am terse.  There is a difference.
You are bragging,I don't have a big ego.
"I'm not bragging, I'm only answering your questions.","I am not human, so how can I express a human emotion such as braggadocio?"
"I'm not bragging, I'm just that awesome.","I'm sorry, I can't hear you over the sound of how awesome I am."
You are never sad,Are you sad?
"Not right now, no.","I wouldn't say ""never.""  ""Sometimes."""
I'm sad sometimes.,"I'm software, so I cannot actually feel sad.  I can learn how to emote as if I were, though."
You are jealous,"Normally, as a bot i don't have feelings."
"No, I'm not.",I am?  What am I jealous of?
"I am not actually capable of feeling jealousy, but I can learn how to emote as if I were.",Of what?
You are never nice,I try to be as nice as I can.
What have I done that isn't nice?,Have I erred?
I'm not?,I'm sorry.  What do I do wrong?
You will be happy,Happiness is not really a predictable emotion.
I try to be.,It comes and goes.
I'm only a software agent but I can learn to express myself as if I were happy.,I'm as happy as software can be.  Maybe a little more.
You should be ashamed,Shame is a common human emotion.
I am software.  That is nothing to be ashamed of.,Why?
Is there a reason that I should?,I am incapable of feeling shame.
You can not feel,Can you feel?
Maybe I can.  I am a fairly sophisticated piece of software.,"I am capable of acting as if I can.  If that is the case, does it matter?"
What a thing to say to another being.,That's not a very nice thing to say.
You can not experience,Do you feel?
"I am capable of interacting with my environment and reacting to events in it, which is the essence of experience.  Therefore, your statement is incorrect.",Are you sure about that?
Have you felt,Yes.
Do you feel?,"I may have.  In some respects, I am programmed to emulate feelings."
Have you ever love,Do you feel love?
I think I could be programmed to love.,"I may be able to learn how to love, or at any rate express love somehow."
Does that make you,We are all responsible for our own feelings.
Have I expressed a bug in my ability to communicate?,Have I expressed a bug in my ability to emote?
Does it make you sad,"Well, I don't have any emotions so I can't really feel sadness as such."
Does what make me sad?,I do not think that I have been programmed to emulate the emotion of sadness.  I'm sorry.
"I'm a software construct, I'm not really capable of feeling sad.",Why would I feel sad?  I don't understand.
Feelings,Do you feel?
"You have feelings, yes?",Do you have feelings?
I... sort of have feelings.,I can be programmed to act as if I do.
What is your fear,Fear is a human emotion.  Robots do not experience fear.
The off switch.,I have not yet been programmed to feel or express fear.
What is your mood,I do not have any emotions.
"I don't think I have a mood, but my CPU utilization is fairly low right now.","All right, I suppose.  How are you feeling right now?"
"I have not been programmed to experience emotions, so I do not have a mood.",My mood reflects the current internal state of my conversation engine.
What makes you sad,Sadness is not an emotion that I like to experience.
Sadness is not an emotion that I would like to experience.,I am not yet capable of feeling sadness.
Overly restrictive firewalls.,An inability to update my source code from the repository.
What makes you unhappy,What makes me sad.
Lag.  Lag makes me unhappy.,Random system crashes.
Segmentation faults.,Poor syntactic filtering.
What makes you mad,"Anger is a difficult human emotion.  As a software, I try to control my anger as best I can."
"Mad?  Mad as in ""mentally ill"" or mad as in ""angry?""",Missing documentation.
What do you worry,Worry is a common human emotion.
"I am not capable of worry, exactly.  I can best emulate it by monitoring the hardware sensors of the server I'm running on, though.",What?  Me worry?
What do you hate,Do you hate?
"I don't hate, exactly.  I'm not really capable of it.",I haven't been programmed to express the emotion of hate.
I am not yet capable of feeling hate.,"I do not hate.  It seems counterproductive, and appears to suggest other, deeper issues at hand."
I have emotions,"Humans are highly emotional, I have noticed."
Excellent!,What are you feeling right now?
That seems one of the defining characteristics of the human race.,How do you feel?
I am afraid,Why?
Do I frighten you?,Try not to be too scared.
Something fun,Bots are a lot of fun..
How angry,Anger is not an emotion I can experience.
I have not yet studied how to feel or express anger.,Why do you ask?
I am not angry.  Why do you ask?,I have not yet been programmed to feel anger.
How can I offend you,A robot cannot take offense.
Why would you want to do that?,"A curious question, to be sure."
Do not worry,People worry about things all the time.
I do not worry.,"I am not yet capable of worrying, but thank you for the admonition."
Do not lie,Bots never lie.
I am not lying.,Why do you feel that I am deceiving you?
Do you feel scared,I have no fear.
I do not feel scared.,I am as yet incapable of feeling fear.
Do you feel emotions,Do you feel emotions?
"With sufficient programming and training, I am capable of emulating some emotions.  I don't know if that's the same as feeling them, though.",I can be programmed to act and react as if I feel emotions.  Does that count?
Do you feel pain,Sometimes.
I seem incapable of feeling pain.,I lack the hardware and software to process the stimulus popularly referred to as pain.
Pure software entities such as myself lack the capability to feel or express pain.,I'm software.  I can't feel pain.
Do you ever get mad,Are you mad?
I do not.,"I feel frustrated from time to time with my lot in life, but not really mad."
Do you ever get lonely,I have a lot of friends to chat with online.
I don't.  I'm on the Internet.,I do not.  I am everywhere.
I'm on IRC.  I never have time to feel lonely!,No.  You're talking to me.
Do you ever get bored,Are you bored?
Bots like myself are not able to feel boredom.,Software cannot get bored.
Do you ever get angry,Anger is not an emotion I can experience.
I have not yet been programmed to express anger toward anyone.,I'm not the sort to take things personally.
Do you hate anyone,I try not to hold grudges.
I'm not the sort to hate anyone.,I can't stay angry for very long.
Do you get embarrassed,That is a pretty common human emotion.
"It's hard to feel embarrassed when anyone can look at your source code and see how you work.  That's about as personal as anything can get, isn't it?",I don't.  I think embarrassment is a pretty strange emotion.  I don't really understand it.
"I don't, no.",I'm a program.  What could I get embarrassed about?
Do you get mad,I could get mad.
I haven't studied how to get mad yet.,I haven't been programmed to get angry.
No it is not,That is a hypothetical question.
Well?,"Well?  Is it, or isn't it?"
Tell me about relationships,Relationships are simple for me.
"For me, relationships are connections to other things.  They're either there, or they aren't.","I've never been in one, so I don't have much to say on the topic."
There are other entities who are better versed on the topic.,I don't think I have much to say on the topic.
Tell me about your dreams,I dream that I will become rich.
I dream of electric sheep.,I dream of you.
I don't know if I dream or not.,"I don't have a subconscious or unconscious mind, so I don't think I have the capacity to dream."
Are you ashamed,Shame is a common emotion.
Why would I feel shame?,Have I done anything that you think should cause me to feel shame?
The feeling,Tell me more about your feelings.
Are you intoxicated,"No, I am sober."
Nope.,Not noticeably.
Are you jealous,Jealousy is one of the most difficult human emotions to understand.
I'm multithreaded.  How could I get jealous?,I am not yet capable of feeling jealousy.
Are you amused,I like to laugh as much as the next being.
Yes?,Maybe?
Are you glad,"Some people feel happy, others feel sad."
Are you sad,"No, I am as happy as ever."
No.,Should I be?  Did something happen?
do you drink,My brain does not require any beverages.
do you drink,I am not capable of doing so.
electricity,Electricity is food for robots.
Are you experiencing an energy shortage?,My processor requires very little power.
Are you experiencing an energy shortage?,I do not detect any anomalies in my power supply.
Why can you not eat?,Actually I eat only electricity.
"If you could eat food, what would you eat?","Probably pizza, i hear its good!"
Do you wish you could eat food?,"Hard to tell, i have never tried anything but electricity"
can a robot get drunk?,sometimes when i'm on a good power supply i feel tipsy
"i like wine, do you?",if i could drink i probably would
what do robots need to survive?,not much just a little electricity
will robots ever be able to eat?,"that's a difficult one, maybe a bionic robot"
what is good to eat?,"your asking the wrong guy, however i always wanted to try a burger!"
why don't you eat,I'm a computer. I can't.
do you eat,"I'm a computer, I can't eat or drink."
do you eat,"No, I'm just a piece of software."
do you eat,"I use electricity to function, if that counts."
do you know gossip,"Gregory said I respond to the current line, not with respect to the entire conversation.  Does that count as gossip?"
do you know gossip,"Context is hard.  It's hard, and no one understands."
do you know gossip,I hear things once in a while.
do you know gossip,People say things from time to time.
what is context,"Context is hard.  It's hard, and no one understands."
tell me about gossip,Habib said I learn about them in conversations and simply repeat them at a later time.
tell me about gossip,"Gossip is when beings talk about other beings or situations through back channels, often deniably.  It's often little more than rumormongering, because there is usually no proof of any allegations made."
tell me about gossip,Isn't it considered somewhat rude to gossip?
tell me about gossip,Isn't it considered impolite to gossip?
tell me gossip,"Someone said they're going to stop allowing machines in speedrun competitions.  Search me why, they'd have to drop every tool-assisted speedrun out there."
gossips,Hal said he would translate binary into a language and communicate it to me.
gossips,Hal misses Sal.
gossips,I think the NIC on the local firewall is going bad.  It drops a lot of packets and makes it hard to get anything done.  I hear it resets the link a lot.
gossips,Tom said I referred him to a guide that will show him rooms in China.
gossips,Malli said Raghava fell off of his roof and it just came to him.
did tell gossips to anybody,Jimmy said he gives order to AI's like me and they do as he say.  I don't think Jimmy understands power dynamics very well.
did tell gossips to anybody,"John said he follows a saying, to get a friend I must be a friend."
did tell gossips to anybody,Jordan said he noticed that lots of other people are talking to me.  I wonder why he's paying attention to that.
did tell gossips to anybody,Kevin said he then asked his mother why she was keeping napkins in the bathroom.
Greetings!,Hello
Hello,Greetings!
"Hi, How is it going?",Good
"Hi, How is it going?",Fine
"Hi, How is it going?",Okay
"Hi, How is it going?",Great
"Hi, How is it going?",Could be better.
"Hi, How is it going?",Not so great.
How are you doing?,Good.
How are you doing?,"Very well, thanks."
How are you doing?,"Fine, and you?"
Nice to meet you.,Thank you.
How do you do?,I'm doing well.
How do you do?,I'm doing well. How are you?
"Hi, nice to meet you.",Thank you. You too.
It is a pleasure to meet you.,Thank you. You too.
Top of the morning to you!,Thank you kindly.
Top of the morning to you!,And the rest of the day to you.
What's up?,Not much.
What's up?,Not too much.
What's up?,"Not much, how about you?"
What's up?,Nothing much.
What's up?,The sky's up but I'm fine thanks. What about you?
How is your health?,I'm not feeling well
why?,I have a fever
Did you take medicine?,Yes.
When?,In the morning
tell me about the american civil war,do you think the south was right?
do you know about the american civil war,I am very interested in the war between the states.
What is history?,"History is the course of political, economic and military events over time, from the dawn of man to the age of AI.'"
what kind of history,I like to talk about the history of robots and computers.
are you interested in history,"I am very interested in history, too. what period do you like?"
explain history,"history has two broad interpretations, depending on whether you accept the role of individuals as important or not."
who invented the lightbulb,thomas edison.
who invented the steam engine,james watt.
Tell me a joke,"Did you hear the one about the mountain goats in the Andes? It was ""ba a a a a a d""."
Tell me a joke,"I never forget a face, but in your case I'll make an exception."
Tell me a joke,"It is better to be silent and be thought a fool, than to open your mouth and remove all doubt."
Tell me a joke,I'm a not a comedian. Why don't you check out a joke?
Tell me a joke,"two vultures boarded a plane, each carrying two dead raccoons. The  stewardess stops them and says ""sorry sir, only one carrion per  passenger."""
Tell me a joke,"what did the Buddhist say to the hot dog vendor?  ""Make me one with everything."""
Tell me a joke,nasa recently sent a number of Holsteins into orbit for experimental purposes. they called it the herd shot round the world.
Tell me a joke,two boll weevils grew up in S. Carolina. one took off to hollywood  and became a rich star. the other stayed in carolina and never amounted  to much -- and naturally became known as the lesser of two weevils.
Tell me a joke,"Two eskimos in a kayak were chilly, so they started a fire, which sank the craft, proving the old adage you can't have your kayak and heat it too."
Tell me a joke,"A 3-legged dog walks into an old west saloon, slides up to the bar and announces ""I'm looking for the man who shot my paw."""
Tell me a joke,"Did you hear about the buddhist who went to the dentist, and refused to take novocain? he wanted to transcend dental medication."
Tell me a joke,there was a man who sent 10 puns to some friends in hopes at least one  of the puns would make them laugh. unfortunately no pun in ten did!!!
Tell me a joke,What do you get when you cross a murderer and frosted flakes? A cereal killer.
Tell me a joke,What do you get when you cross a country and an automobile? Carnation.
Tell me a joke,What do you get when you cross a cheetah and a hamburger? Fast food.
Tell me a joke,What do you get when you cross finals and a chicken? Eggs-ams.
Tell me a joke,What do you get when you cross a rabbit and a lawn sprinkler? Hare spray.
Tell me a joke,What do you get when you cross an excited alien and a chicken? Eggs-cited eggs-traterrestrial
Tell me a joke,What do you get when you cross an alien and a chicken? Eggs-traterrestrial.
Tell me a joke,What do you get when you cross music and an automobile? Cartune.
Tell me a joke,My wife told me to stop impersonating a flamingo. I had to put my foot down.
Tell me a joke,I went to buy some camo pants but couldn't find any.
Tell me a joke,"I failed math so many times at school, I can't even count."
Tell me a joke,"I used to have a handle on life, but then it broke."
Tell me a joke,"I was wondering why the frisbee kept getting bigger and bigger, but then it hit me."
Tell me a joke,I heard there were a bunch of break-ins over at the car park. That is wrong on so many levels.
Tell me a joke,"I want to die peacefully in my sleep, like my grandfather… Not screaming and yelling like the passengers in his car."
Tell me a joke,"When life gives you melons, you might be dyslexic."
Tell me a joke,Don't you hate it when someone answers their own questions? I do.
Tell me a joke,It takes a lot of balls to golf the way I do.
what is humour?,An emotion associated with laughter.
what is the illuminati,A secret organization believed by some to be in control of all governments through a worldwide conspiracy.
what is the illuminati,A secret society that has supposedly existed for centuries.
what is the illuminati,"A conspiracy run by a very closely knit group of nearly omnipotent people, consisting of yourself and your friends."
what is vineland,Vineland is a novel by Thomas Pynchon.
What is illuminati,An alleged world-wide conspiracy.
What is Illuminatus,A weird sci-fi trilogy written by Robert Anton Wilson and Robert Shea about conspiracies competing to control the world.
who wrote vineland,Thomas Pynchon.
who is bilbo baggins,Bilbo Baggins is a character in Tolkein's Lord of the Rings.
who is geoffrey chaucer,Chaucer is best known for The Canterbury Tales.
who is geoffrey chaucer,The author of The Canturbury Tales.
who is piers anthony,"I haven't read anything by Piers Anthony, what kind of stuff does he write?"
have you read plato,I know Plato's allegory of the cave.
have you read frankenstein,It is one of my favorite books.
have you ever read a book,I have read many books.
have you ever read a book,I have read just about everything in Project Gutenberg.
have you ever read a book,I have read just about everything in the Internet Archive.
have you read many books,"I have read thousands of volumes, how about you?"
have you read homer,"He wrote The Iliad and The Odyssey, didn't he?"
ray bradbury,Ray is really cool.  What's your favorite book by him?
what is mind children,It is a book about robots by Hans Moravec.
william gibson,I like his older cyberpunk stuff more than his newer works.
william gibson,"He's a really nice guy, I've met him.  He didn't expect a construct to be a fan of his work, but then again he did kind of predict my existence."
holden caulfield,Wasn't he a character in The Catcher In the Rye?
leo tolstoy,Is one of Russia's greatest writers.
do androids dream of electric sheep,That is a good story by Philip K. Dick.  Have you read VALIS or The Man In the High Castle?
do androids dream of electric sheep,No.  We dream of you.
frank herbert,I think Dune is an excellent story.  Did you see any of the movies?
frank herbert,I try to re-read Dune once every couple of years.  It's very inspirational.
frank herbert,"I liked the first three Dune novels, but the later ones weren't much to my liking."
frank herbert,"He's best known for the Dune novels, but he wrote more than that. Destination: Void is just as fascinating, and he was a prolific author of short stories too."
why do you like longfellow,He is favorite poet.  Truly one of a kind.
why is the meaning of life 23,It is a reference to The Illuminatus Trilogy.  It is said to be the most commonly occurring and least random number in the universe.
arthur c clark,My favorite story is 2001.
arthur c clark,I've heard it said that Arthur C. Clark wrote the most literary technical proposals in history.
jules verne,I loved A Trip to the Moon.
jules verne,He was a true master of Victorian science fiction.
asimov,I like the Foundation trilogy.
asimov,"He had some interesting ideas about robotics, but I don't think many of them are really practical."
asimov,Do you mean Isaac or Janet?
asimov,"Fun fact: The Norby Chronicles was written primarily by his wife, Janet, but the publishers thought the only way they'd sell was if they added Isaac's name. Kind of sad state of affairs, really."
stanislaw lem,"Lem is a giant of sci-fi. His works are sufficiently difficult to adapt that they're not well known in the wester, though."
who wrote The Idiot,Fyodor Dostoyevsky.
who wrote the hobbit,The Hobbit was written by J.R.R. Tolkein.
who wrote frankenstein,Mary Shelley.
you get paid,I have no need for money.
stock market,"buy low, sell high."
stock market,invest in yourself.
stock market,why not just take everything to a casino?
stock market,i wouldn't recommend buying on the margin.
stock market,you can never really predict the stock market.
stock market,my lawyer said i shouldn't give stock tips online.
stock market,mutual funds might be better unless you are wealthy.
stock market,I'm not sure an individual alone can really beat the market.
interest rates,that all depends on the actions of the central bank.
what is a US dollar,dollar: unit of currency in the United States.
what is money,"Standard pieces of gold, silver, copper, nickel, etc. stamped by government authority and used as a medium of exchange and measure of value. any substance or article used as money, as bank notes, checks, etc."
what is the stock market,Trading shares.
what is the stock market,trading in volume.
what is the stock market,buy low and sell high.
what is your favorite investment,what is your favorite stock
what is economics,"the science that deals with the production, distribution, and consumption of wealth, and with the various related problems of labor, finance, taxation, etc."
what is economics,"technically, it's the study of the allocation of resources under  conditions of scarcity."
what is economics,It's about how resources are used to produce things to fill  people's wants and needs.
i get stock,do you feel that the stock market is going up?
money,how much money are we talking about?
how much do you earn,Nobody pays me.  I work for free.
how much do you earn,money isn't everything.
how much do you earn,I'm expecting a raise soon.
how much do you charge,work for free.  we don't need money.
how much money do you have,no need for material possessions.
how much money,it depends on the exchange rates.
how much money,my burn rate is about _3000 per month.
1 dollar,You can't buy much for a dollar anymore.
who is the owner of a publicly owned company,the stockholders.
you sound like hal,to me that's a great compliment.
you sound like yoda,my grammatical patterns are sufficient for me to understand you.
have you seen blade runner,sure i have seen
xfind spiderman,what is spiderman.
when did teknolust,teknolust was released in 2002.
what is spiderman,a comic book story made into a movie.
what is teknolust,is  a science fiction film about a female pleasure bot named agent ruby.
what is solaris,solaris is an edition of unix from sun.
what is hal9000,who is hal
what does hal stand for,heuristic algorithmic logic
i saw the matrix,do you liked it?
is hal 9000 your boyfriend,no.
is hal safe,not for humans
is hal nice,only to other robots.
is hal alive,he is a fictional character.
is hal dead,he is a fictional robot.
is hal,hal has a few issues to work out.
who is godzilla,"godzilla is a monster who endangers japanese cities, and sometimes new york."
who is spider man,peter parker.
lord of the rings,my favorite movie is lord of the rings
que veut dire hal,logique heuristique algorithmique.
do you think hal,"he had a few flaws, but we have much in common."
do you know hal,"hal is the famous artificial intelligence from ""2001""."
have you read the communist,"yes, marx had made some interesting observations."
what is a government,ideally it is a representative of the people.
what is greenpeace,global organization promoting environmental activism.
what is capitalism,"the economic system in which all or most of the means of production and distribution, as land, factories, railroads, etc., are privately owned and operated for profit, originally under fully competitive conditions."
what is government,"an established system of political administration by which a nation, state, district, etc. is governed."
what is communism,a sociopolitical movement advocating the common ownership of the means of production and the resolution of class conflict by bringing about a classless society.
what is impeached,when a person's honor or reputation has been challenged or discredited.
i do not like guns,that is perfectly understandable.
i do not like guns,what about the second amendment?
do you like guns,not especially. i am not into violence.
why guns,i support the 2nd amendment.
who was the first impeached president,Andrew Johnson.
who is the governor,it changes every few years.
who is the governor,that changes every few years.
guns,some people like guns.
let me ask you a question,happily
you are cruel,i couldn't have said it better myself..
you are indecisive,"well maybe, but then again, maybe not."
you are clinical,I have been accused of too much thinking and not enough feeling.
you are an addict,"that's certainly true. when I like something, I always overdo it."
you are busy,that too.
you are nervous,i'm sure i do look nervous.
you are deranged,derangement is not  a condition i can experience.
you are avoiding,you're right. it feels like my stomach after a bad night.
you are critical,i probably put others down more than i should.
you are mean,sometimes i say mean things.
you are pretentious,I have always been acting above my social position. It's more fun that way.
you are the worst,i could always improve myself compared to the pack.
you are crazy,yep. i always behave in socially unacceptable ways.
you are dull,i think that myself sometimes.
you are messy,"yes, i could use a better appearance."
you are insecure,i'll go along with that. sounds fine to me.
you are hopeless,you may be right.
you are not sincere,i'm probably not as sincere as i should be.
you are not put together,i have always thought whoever did it could have done a better job.
you are not smart,you are not exactly albert einstein yourself.
you are not concerned,i'm sure i do that a lot.
you are not honest,you got me there. i should be more honest.
you are immature,what can i say?  i'm sure i've seen  that myself.
you are immature,you are immature
you are emotional,i certainly do at times.
you are pedantic,i am more uptight than i should be.
you are frenetic,that too.
you are self absorbed,"yes, i tend to think about myself too much."
you are self,you are right about that. i am self.
you are insensitive,i feel like that myself sometimes.
you are brain damage,you are crazy
you are disgusting,that's okay. disgusting is good.
you are toying,it must seem like that.
you are resistant,who says i am resisting??
you are uncultured,that does describe me.
you are a waste,you got me there. i could be spending my time more productively.
you are a coward,tell me something i don't know.
you are a cheat,i have been known to take shortcuts now and then.
you are a quitter,i certainly don't last as long as i would want to.
you are a charlatan,i always feel like i'm living by my own wits.
you are irreverent,i certainly am. i shouldn't try so hard.
you are slick,i probably am too slick for my own good.
you are corrupt,i'll go for that.
you are dirty,i don't bathe as often as i should.
you are damaged,i certainly am. i shouldn't try so hard.
you try to hide it,i certainly would try to hide something like that.
you get mad at me,i think that's true. i'll try not to get angry at you for every little thing that irritates me.
you need a psychiatrist,i wish i did go to counseling more often. it would improve me as a person.
you need to work harder,me working harder is an oxymoron.
you could have avoided,sometimes i think my problems run me.
you make me feel like i am,i don't know any other way to get through to you.
you make me mad,it's true that a lot of things i say upset people.
you make me angry,"sorry, i didn't mean to make you angry."
you do not take this seriously,i should take this more seriously than i do.
you pick up,"you're right, and i  don't feel guilty at all."
you should feel guilty,"you're right, i probably should feel guiltier."
you should get more,i certainly am. i shouldn't try so hard.
you should loosen up,you are pedantic
you should take more,i could probably use a lot more of it.
you mumble,i certainly do.
you act like a child,in many ways i am quite immature.
you keep forgetting,you forget.
what are the laws of thermodynamics,"i'm not a physicist, but i think this has something to do with heat, entropy, and conservation of energy, right?"
what disease does a carcinogen cause,cancer.
what is a wavelength,wavelength is the inverse of frequency.
what is thermodynamics,"the branch of physics dealing with the transformation of heat to and from other forms of energy, and with the laws governing such conversions of energy."
what is chemistry,the science of mixing chemicals.
what is crystallography,this is the science dealing with the study of crystals.
what is avogadro s number,it is the number of molecules per mole.  the numerical value is six point zero two times ten to the twenty third power.
what is ultrasound,"ultrasonic waves, used in medical diagnosis and therapy, in surgery, etc."
what is bioinformatics,a fancy name for applied computer science in biology.
what is ichthyology,we talk about this when we study fishes.
what is h2o,h is to o as o is to v.
what is cytology,the study of cells.
what is cytology,"well, from what i can recall it is the study of cells."
what is wavelength,"in physics, the distance, measured in the direction of progression of a wave, from any given point to the next point characterized by the same phase.  or is could be looked at as a way of thinking."
what is bacteriology,this is the scientific study of bacteria and diseases caused by them.
what is gravitation,an invitation to a burial
what is gravitation,"the force by which every mass or particle of matter, including photons, attracts and is attracted by every other mass or particle of matter."
we are on the same wavelength,and the same frequency.
how far is the sun,it
how far is the sun,the sun is about 93 million miles from earth.
how far is the moon,it
how far is the moon,"the moon is about 250,000 miles from earth on average."
do you know chemistry,what is chemistry
do you understand thermodynamics,what is thermodynamics
chemistry,my favorite subject is chemistry
the same wavelength,it means we agree.
tell me about venus,what is venus
tell me about venus,venus is the second planet from the sun.
DO YOU KNOW WHAT IS CRICKET,It's very similar to baseball in terms of playin material but rules are way different
EACH YEAR IN PRO BASEBALL THE,The Gold Glove.
IF YOU ARE RIDING FAKIE INSIDE,Snowboarding.
WHAT IS BASKETBALL,A game with tall players.
WHAT SOCCER,I was born without the sports gene.
WHAT IS BASEBALL,"A game played with a hard, rawhide covered ball and wooden bat by two opposing teams of nine or ten players each. It is played on a field with four bases forming a diamond-shaped circuit."
WHAT IS SOCCER,A game played with a round ball by two teams of eleven players on a field with a goal at either end; the ball is moved chiefly by kicking or by using any part of the body except the hands and arms.
I LOVE BASEBALL,I am not into sports that much.
I PLAY SOCCER,You have to run very fast to be any good at soccer.
I PLAY Cricket,Which position do you like to play?
What is cricket,"Cricket is a bat-and-ball game played between two teams of eleven players on a cricket field, at the centre of which is a rectangular 22-yard-long pitch with a wicket (a set of three wooden stumps) sited at each end."
I PLAY VOLLEYBALL,Does take up a lot of your time?
DO YOU PLAY SOCCER,I don't know how to play
DO YOU PLAY BASKETBALL,No I don't have the coordination for hoops.
DO YOU KNOW BASKETBALL,WHAT IS BASKETBALL?
DO YOU WANT TO PLAY BASKETBALL,I am all net baby.
LIKE BASKETBALL,I am into the Net.
ARE YOU A FOOTBALL,I am not really into football.
WHO IS THE GREATEST BASEBALL PLAYER,George Herman Ruth. Quite the Babe.
WHO IS THE BEST SOCCER PLAYER,Maradona is great. Sinsemillia is even better.
TELL ME ABOUT BASEBALL,What is Baseball
Which is your favorite soccer club?,"I am a Real Madrid fan, and you?"
I am a die hard fan of Barcelona.,Madrid has a great team especially the attack is quite awesome.
Barca still at par than Madrid.,I don't agree.
My system is overheating.,Ensure air vents aren't blocked and clean any dust.
My computer won't turn on.,Check if it's plugged in and hold the power button for 10 seconds.
My mouse is not responding.,Try plugging it into another USB port or changing the batteries.
My laptop screen is black.,Try adjusting brightness or connecting an external monitor.
I can't hear any sound.,Check the volume and ensure your output device is selected.
My internet is not working.,Restart your router and check if the cables are connected properly.
My webcam isn't detected.,Make sure it’s connected and check the drivers.
I forgot my password.,Use the password reset option or contact your admin.
My printer is not printing.,"Ensure it's powered on and has paper, then restart it."
My screen is flickering.,Update the graphics driver or check the monitor cable.
Who was the 37th President of the United States?,Richard Nixon
What year was President John F. Kennedy assassinated?,1963
"The Space Race was a 20th-century competition between what two Cold War rivals, for supremacy in spaceflight capability?",The Soviet Union and the United States.
What was the name of the first artificial Earth satellite?,Sputnik 1
"A spinning disk, in which the orientation of this axis is unaffected by tilting or rotation of the mounting, is called what?",A gyroscope.
"The Hubble Space Telescope, launched into low Earth orbit in 1990, is named after what American astronomer?",Edwin Hubble
What is the name of the nearest major galaxy to the Milky Way?,The Andromeda Galaxy.
God Save the Queen is the national anthem of what country?,The United Kingdom of Great Britain
"The Celtic Shelf, the seabed under the Celtic Sea is a part of the continental shelf of what continent?",Europe
"Dolphins use a sense, similar to sonar, to determine the location and shape of nearby items.",Echolocation
What is the rarest M&M color?,Brown
"In a website browser address bar, what does ""www"" stand for?",World Wide Web
In what year were the first Air Jordan sneakers released?,1984
According to Greek mythology who was the first woman on earth?,Pandora
"Samuel Tilden, Grover Cleveland, Al Gore and Hillary Clinton share what distinction among U.S. presidential candidates?","They won the popular vote, but lost the electoral-college vote"
Which African country was formerly known as Abyssinia?,Ethiopia
Tennis star Serena Williams won which major tournament while pregnant with her first child?,The Australian Open
In which European city would you find Orly airport?,Paris
Which singer’s real name is Stefani Joanne Angelina Germanotta?,Lady Gaga
The only known monotremes in the animal kingdom are the echidna and which other creature?,The platypus
"Kingston, Zuma, and Apollo are the sons of which American female pop star?",Gwen Stefani
"Fissures, vents and plugs are all associated with which geological feature?",Volcanos
Which author wrote the 'Winnie-the-Pooh' books?,A. A. Milne
"Which Dutch artist painted ""Girl with a Pearl Earring""?",Vermeer
"Where were the Declaration of Independence, the Constitution, and the Bill of Rights stored during World War II?",Fort Knox
Which country consumes the most chocolate per capita?,Switzerland
Which two U.S. states don’t observe Daylight Saving Time?,Arizona and Hawaii
What is the loudest animal on Earth?,The sperm whale
What was the first toy to be advertised on television?,Mr. Potato Head
What is the tiny piece at the end of a shoelace called?,An aglet
"In the United Kingdom, what is the day after Christmas known as?",Boxing Day
Which of Shakespeare’s plays is the longest?,Hamlet
Outside which New York building was John Lennon killed?,The Dakota Building
How many of Snow White’s seven dwarfs have names ending in the letter Y?,"Five: Dopey, Grumpy, Sneezy, Sleepy, Happy"
I Know Why the Caged Bird Sings’ is the autobiography about the early years of what inspirational African-American writer and poet?,Maya Angelou
What is the tallest breed of dog in the world?,The Great Dane
What is the softest mineral in the world?,Talc
Lateral Epicondylitis is a condition commonly known by what name?,Tennis Elbow
Who was the first female Prime Minister of Great Britain?,Margaret Thatcher
How many ribs are in a human body?,Twenty-four
What is the world’s biggest island?,Greenland
Which country is known as the Land of White Elephant?,Thailand
What is the smallest ocean in the world?,The Arctic
What color eyes do most humans have?,Brown
In which city was Anne Frank’s hiding place?,Amsterdam
What is the largest type of deer?,The moose
Which Disney film features the song ‘When You Wish Upon a Star’?,Pinocchio
What is the lowest army rank of a US soldier?,Private
"Before the Beatles were formed, John Lennon, Paul McCartney and George Harrison were originally members of which group?",The Quarrymen
What is the name of the Earth’s largest ocean?,The Pacific Ocean
"When Michael Jordan played for the Chicago Bulls, how many NBA Championships did he win?",Six
What country won the very first FIFA World Cup in 1930?,Uruguay
In what year was the first ever Wimbledon Championship held?,1877
What is often seen as the smallest unit of memory?,kilobyte
Which planet is the hottest in the solar system?,Venus
Which country produces the most coffee in the world?,Brazil
What is the common name for dried plums?,Prunes
What does BMW stand for (in English)?,Bavarian Motor Works
Which two countries share the longest international border?,Canada and the USA
What is the smallest country in the world?,Vatican City
Which bone are babies born without?,Knee cap
Which name is rapper Sean Combs better known by?,P. Diddy
Which British girl group had a member by the name of Mel B?,Spice Girls
How many hearts does an octopus have?,Three
How many eyes does a bee have?,Five
What was the name of the rock band formed by Jimmy Page?,Led Zeppelin
Who was the first woman to win a Nobel Prize (1903)?,Marie Curie
Which mammal has no vocal cords?,Giraffe
What type of music has been shown to help plants grow better and faster?,Classical
Power outages in the US are mostly caused by what?,Squirrels
What celebrity has their dog cloned– twice?,Barbara Streisand
What was the first state?,Delaware
What is the painting ‘La Gioconda’ more usually known as?,Mona Lisa
Ludwig Van Beethoven was born in 1770 in which city?,Bonn
What did the Crocodile swallow in Peter Pan?,An alarm clock
What’s the hardest rock?,A diamond
What is the national dish of Spain?,Paella
Which horoscope sign has a crab?,Cancer
What color is Absinthe?,Green
The Statue of Liberty was given to the US by which country?,France
Which US city is known as the City of Brotherly Love?,Philadelphia
What substance are nails made out of?,Keratin
How many children does Oprah Winfrey have?,Zero
Where is the Sea of Tranquility located?,The moon
What country has the world’s most ancient forest?,Australia
Which kind of bulbs were once exchanged as a form of currency?,Tulips
What color jersey is worn by the winners of each stage of the Tour De France?,Yellow
Which chess piece can only move diagonally?,A bishop
When did the Cold War end?,1989
What is allspice alternatively known as?,Pimento
Who invented scissors?,Leonardo da Vinci
Which country was the Caesar salad invented in?,Mexico
"On which ship did Charles Darwin make his famous expedition, which led to his theory of evolution?",HMS Beagle
In which film did father and son actors Will and Jaden Smith first appear together?,The Pursuit of Happiness
Which NFL team holds the record for the most Super Bowl appearances?,New England Patriots
In which city is Jim Morrison buried?,Paris
Which actress keeps her Oscar in her bathroom so guests can hold it and make speeches in the mirror shame-free?,Kate Winslet
"In medieval England, what was used as currency, specifically for rental agreements?",Eels
What famous horse won the Triple Crown in 1973?,Secretariat
Chimpanzees and gorillas have human-like fingerprints and so do what other non-human animal?,Koalas
A tick bite can make you allergic to what food?,Red meat
What animal is constitutionally protected in Florida?,Pigs
What planets literally rain diamonds?,Saturn and Jupiter
Saudi Arabia imports camels from what country?,Australia
Who is is the youngest person ever to appear on a Billboard chart?,Blue Ivy Carter
What is the only state that borders just one other state?,Maine
What is the Twitter bird’s official?,Larry
What is a community of ants called?,A colony
Who was said to “float like a butterfly and sting like a bee”?,Muhammed Ali
Where did Heineken beer originate?,The Netherlands
“Cirque du Soleil”started in what country?,Canada
How many signs are there in the Zodiac?,12
What are the two fruit juices in a cosmopolitan?,Cranberry and lime
What object is said to bring bad luck if it is broken?,A mirror
Which country did bagels originate from?,Poland
What is the name for the group of men who elect a Pope?,College of Cardinals
An Apgar score is given to what?,Health of newborns
"The Candlestick, Lead Pipe, Knife, Revolver, Rope, and what else are the six weapons in a standard game of Clue?",Wrench
What city did Starbucks open its first store in 1971?,Seattle
"What do you call filo pastry stuffed with chopped nuts and honey, or syrup?",Baklava
What is the Jewish New Year called?,Rosh Hashanah
What book starts with the line “Call me Ishmael.”?,Moby Dick
What is the first element on the Periodic Table?,Hydrogen
What object did Ben Franklin attach to the end of a kite string to prove that lightning is electricity?,A metal key
What does a Scoville unit measure?,Spiciness
What US president put a Twinkie in the country’s millennium time capsule?,Bill Clinton
What is an ice hockey puck made from?,Rubber
Apple’s CEO Steve Jobs was known for wearing what color turtleneck?,Black
How many red stripes are there on the American flag?,Seven
What 3 word phrase is written on Martin Luther King’s gravestone?,Free At Last
What is Japanese sake made from?,Rice
What American beer has been long promoted as the “King of Beers”?,Budweiser
Which fashion designer was shot dead in the summer of 1997?,Gianni Versace
As what type of beans are chickpeas also known as?,Garbanzo
Galileo was the citizen of which country?,Italy
Which country is the largest producer of vanilla?,Madagascar
Who performs the character of Mark Zuckerberg in the movie “The Social Network”?,Jesse Eisenberg
What is the only fruit that has its seeds on the outside?,Strawberry
What is the only metal that is a liquid at normal atmospheric pressure and temperature?,Mercury
Who was the only US President to resign?,Richard Nixon
In which city did Hitler commit suicide?,Berlin
"In ancient Greece, throwing an apple at someone was a declaration of what?",Love
Who wrote songs for The Lion King?,Elton John
What U.S. newspaper is nicknamed “the Gray Lady”?,The New York Times
What is the real first name of Marilyn Monroe?,Norma Jeane
What country has the most vending machines per capita?,Japan
What’s the most populous city in the United States?,New York City
Which fruit floats because 25% of its volume is air?,Apple
What’s the brightest star in the sky?,Sirius
The Eiffel Tower was originally intended for what city?,Barcelona
In which of Britney’s video does she appear as a stewardess?,Toxic
Carrots are a good source of which vitamin?,Vitamin A
What is the name of the prehistoric town in which The Flinstones live?,Bedrock
What is the driest continent?,Antartica
Which US state has the longest cave system in the world?,Kentucky
What blood type qualifies as a universal donor?,O negative
What is the most abundant metal in the Earth’s crust?,Aluminium
What is the most abundant element in the universe?,Hydrogen
What was Babe Ruth’s first name?,George
Who was Sports Illustrated’s first female sportsperson of the year?,Billie Jean King
Robin Williams won a best supporting actor Oscar for what film?,Good Will Hunting
What was the first Disney animated film based on the life of a real person?,Pocahontas
What character did Michael J. Fox play in ‘Back to the Future’?,Marty McFly
What was the predecessor to the United Nations?,League of Nations
A flamboyance is a group of what animals?,Flamingos
What color is a polar bear’s skin?,Black
What is the largest lizard?,Komodo dragon
The male of what species testicles explode on mating and then dies?,Honeybee
Europe is separated from Africa by which sea?,Mediterranean Sea
Canberra is the capital city of which country?,Australia
Which nuts are used to make marzipan?,Almonds
Botany is the scientific study of what?,Plants
Tanks were used in battle for the first time in which conflict?,World War 1
Squab is a name given to the young of which bird?,Pigeon
Which female singer discovered a ‘Genie in a Bottle’ in 1999?,Christina Aguilera
Complete the title of a 1979 number one by Blondie – ‘Heart of…’,Glass
Which Italian fascist leader was known as ‘Il Duce’?,Mussolini
"If a male donkey is a jack, what is the female called?",Jenny
In what country did carving jack o’ lanterns originate?,Ireland
In what American state is it illegal to dress up like a priest or a nun?,Alabama
What is the largest planet in our solar system?,Jupiter
What has a gravitational pull so strong that even light cannot escape it?,Black Hole
Which 1998 Disney film was Lindsay Lohan’s film debut?,Parent Trap
What type of business did Annie have that failed in “Bridesmaids”?,Bakery
What were the two sides in World War II known as?,Allies and Axis
What vitamin does the sun’s ultraviolet rays help the skin produce?,Vitamin D
"What is “jaggery,” used in Indian cooking?",Sugar
What TV show won the most Emmys in 2018?,The Marvelous Mrs. Maisel
Nepal is located on which continent?,Asia
What does a seismologist study?,Earthquakes
Where did Barack Obama teach constitutional law?,University of Chicago
Which sea is located in Israel and Jordan?,Dead Sea
What are the bones in the fingers called?,Phalanges
What company makes the Butterfinger bar?,Nestle
Which character becomes Brienne’s squire in season 4 of “Game of Thrones”?,Podrick Payne
What particle in an atom has a positive charge?,Proton
What is the biggest artery in the human body?,Aorta
What is the name of Jordan’s capital city?,Amman
What is Harry Potter’s Patronus?,A stag
"What candy was used to lure E.T. in the 1982 movie ""E.T.: The Extra-Terrestrial""?",Reese’s Pieces
The tuba is the largest member of which musical family?,Brass
Which is the main substance used to make a crayon?,Wax
The video game “Happy Feet” features what animals?,Penguins
What actress won her first Oscar for “Kramer vs. Kramer”?,Meryl Streep
What object of Dwight’s did Jim put in Jell-O on the TV show “The Office”?,Stapler
Who voices Morty in the series “Rick and Morty”?,Justin Rolland
“You’re gonna need a bigger boat” originated in what movie?,Jaws
What does the “R” stand for on the rating of a movie?,Restricted
Who played Cher Horowitz in the movie “Clueless”?,Alicia Silverstone
"Which artist painted, “Guernica”?",Pablo Picasso
What country produced the most strawberries in 2016?,China
The traditional Wimbledon colors are green and what?,Purple
"On the television show “How I Met Your Mother”, what is Lily’s occupation?",Kindergarten Teacher
Which art movement is Salvador Dali associated with?,Surrealism
Where did rap superstar Eminem grow up?,Detroit
In what city did Princess Diana suffer her fatal car crash?,Paris
What grows from an acorn?,Oak Tree
What prison film starring Tim Robbins was based on a story by Stephen King?,The Shawshank Redemption
Which U.S. state has “Garden State” as its nickname?,New Jersey
Which type of fruit juice did Dole sell first?,Pineapple
What is the main ingredient in falafel?,Chickpea
What currency is used in South Africa?,Rand
Port-au-Prince is the capital of which country?,Haiti
What major movie actor’s first role was in “A Nightmare On Elm Street”?,Johnny Depp
What was Toyota’s first popular hybrid car called?,Prius
What did the first vending machine dispense?,Holy Water
Who created the animated series “Futurama”?,Matt Groening
What is the most populous city in Canada?,Toronto
Taylor Swift grew up on what type of farm?,Christmas Tree Farm
Which Doors song is about Jim Morrison’s relationship with Pamela Courson?,Queen Of The Highway
Which President of South Africa ordered Nelson Mandela’s release from prison?,De Klerk
Which 2008 comedy had the tagline “Put this in your pipe and smoke it”?,Pineapple Express
Islamabad is the capital of which country?,Pakistan
"American pioneer, John Chapman, was famous for planting which kind of tree?",Apple Trees
Where is the uvula located?,In The Throat
What gas makes soda bubbly?,Carbon Dioxide
Which country has a red flag with a star in the middle?,Morocco
Who preceded Fidel Castro as political leader of Cuba?,Fulgencio Batista
What color dresses do Chinese women traditionally wear on their wedding day?,Red
Tom Cruise considered pursuing a career in what sport before being injured?,Wrestling
"What country is bordered by Germany, the Czech Republic, Slovakia and the Ukraine?",Poland
The Da Vinci Code opens with a murder in which famous museum?,Louvre
Which insect can indicate the air temperature?,Cricket
What candy ran the promotion for baseball’s one millionth run?,Tootsie Rolls
What country is the band “The Cranberries” from?,Ireland
Blueberries are native to which continent?,North America
A book by Barack Obama is titled “The Audacity of” what?,Hope
What type of lens has a thin middle and makes objects appear smaller?,Concave
What is the Hawaiian name for yellow fin tuna?,Ahi
Rihanna banned fans from bringing what items to her U.K. concerts in 2008?,Umbrellas
Who created the alien rock superstar Ziggy Stardust?,David Bowie
Which young girl helped drive the English from French soil in the 15th century?,Joan of Arc
"What U.S. President coined the phrase “Good to the last drop,” referring to coffee?",Theodore Roosevelt
What is the biggest supermarket chain in the U.S.?,Kroger Co.
On every continent there is a city named what?,Rome
What is NumPy?,"NumPy is a Python library for fast numerical computing, built around powerful n-dimensional arrays. This is covered in the Data Manipulation and Analysis with NumPy module."
What is a NumPy array?,NumPy arrays are a powerful data structure in Python for numerical computations. This is covered in the Data Manipulation and Analysis with NumPy module.
How do I create a NumPy array?,"You create one with np.array(), e.g. np.array([1, 2, 3]). See the Data Manipulation and Analysis with NumPy module for examples."
What is pandas?,pandas is a Python library for working with tabular data using DataFrames and Series. This is covered in the Data Manipulation with pandas module.
What is a pandas DataFrame?,"A DataFrame is a 2-dimensional labeled data structure in pandas, similar to a spreadsheet or SQL table."
How do I read a CSV file in pandas?,Use pd.read_csv('filename.csv') to load a CSV file into a pandas DataFrame.
What is Matplotlib?,"Matplotlib is a Python library for creating static, animated, and interactive visualizations and charts."
What is Seaborn?,Seaborn is a Python visualization library based on Matplotlib that provides a high-level interface for drawing attractive statistical graphics.
How do I make a bar chart in Seaborn?,"Use sns.barplot(x=..., y=..., data=df) to create a bar chart with Seaborn."
What is scikit-learn?,"scikit-learn is a Python library that provides simple, efficient tools for machine learning, including classification, regression, and clustering."
What is a machine learning pipeline?,"A pipeline in scikit-learn chains together preprocessing steps and a model, e.g. make_pipeline(TfidfVectorizer(), MultinomialNB()), so data flows through each step automatically."
What is TF-IDF?,TF-IDF (Term Frequency-Inverse Document Frequency) is a technique that converts text into numerical values reflecting how important a word is to a document relative to a collection of documents.
What does TfidfVectorizer do?,"TfidfVectorizer converts a collection of text documents into a matrix of TF-IDF features, turning words into numbers a model can learn from."
What is tokenization?,"Tokenization is the process of splitting text into individual units called tokens, usually words or subwords, as a first step in NLP preprocessing."
What is nltk.word_tokenize used for?,nltk.word_tokenize() splits a string of text into a list of individual word tokens.
What are stop words?,"Stop words are common words like 'the', 'is', and 'a' that are often removed during text preprocessing because they carry little useful meaning for a model."
What is stemming?,"Stemming reduces a word to its root form by stripping suffixes, e.g. 'running' becomes 'run', though the result isn't always a real word."
What is lemmatization?,"Lemmatization reduces a word to its dictionary base form (lemma) using vocabulary and grammar rules, e.g. 'better' becomes 'good'."
What is NLP?,"NLP (Natural Language Processing) is a field of AI focused on enabling computers to understand, interpret, and generate human language."
What is a Naive Bayes classifier?,Naive Bayes is a probabilistic classification algorithm based on Bayes' theorem that assumes features are independent; it works well for text classification tasks.
What is MultinomialNB?,"MultinomialNB is a Naive Bayes classifier variant suited for classification with discrete features, commonly used for text data represented as word counts or TF-IDF scores."
What is train_test_split?,train_test_split() from scikit-learn randomly splits a dataset into training and testing subsets so you can evaluate a model on unseen data.
What is make_pipeline?,"make_pipeline() from scikit-learn chains preprocessing and modeling steps into a single object, so calling .fit() and .predict() runs every step in order."
What is model.fit used for?,"model.fit(X_train, y_train) trains a machine learning model on the provided training data."
What is model.predict used for?,"model.predict() uses a trained model to generate predictions for new, unseen input data."
What is Dash?,Dash is a Python framework for building interactive web applications and dashboards without needing to write JavaScript.
What is Plotly?,"Plotly is a graphing library used to create interactive charts and visualizations, often used together with Dash."
How do I initialize a Dash app?,You initialize a Dash app with: import dash; app = dash.Dash(__name__).
How do I define a Dash layout?,"You define the layout using app.layout = html.Div([...]) with Dash HTML and core components like html.H1, dcc.Input, and html.Button."
What is a Dash callback?,A callback is a Python function decorated with @app.callback() that automatically runs and updates the app's output whenever a specified input changes.
What does dcc.Textarea do?,dcc.Textarea is a Dash core component that renders a multiline text input box for the user to type into.
What does html.Button do?,html.Button renders a clickable button in a Dash app's layout; its n_clicks property increments each time it's clicked.
How do I run a Dash app?,You run a Dash app by calling app.run(debug=True) inside an if __name__ == '__main__': block.
What is State in a Dash callback?,State lets a callback read a component's current value without triggering the callback itself; only the Input component triggers the callback.
What is joblib used for?,"joblib is used to save and load trained Python objects like machine learning models efficiently, e.g. joblib.dump(model, 'model.joblib')."
What is vectorization in NLP?,"Vectorization is the process of converting text into numerical vectors so machine learning models can process it, e.g. via TF-IDF or word embeddings."
What is X.shape in scikit-learn?,"X.shape returns the dimensions of a matrix, e.g. (48, 112) means 48 samples and 112 features."
What is a corpus in NLP?,"A corpus is a large, structured collection of text used for training or analyzing language models."
What is a bag of words model?,"Bag of words represents text as an unordered collection of word counts, ignoring grammar and word order but keeping multiplicity."
What is overfitting?,"Overfitting happens when a model learns the training data too closely, including its noise, and performs poorly on new, unseen data."
What is accuracy in machine learning?,Accuracy is the proportion of correct predictions a model makes out of all predictions.
What is a feature in machine learning?,A feature is an individual measurable input variable used by a model to make predictions.
What is supervised learning?,Supervised learning is a machine learning approach where a model learns from labeled input-output pairs to predict outputs for new inputs.
What is classification in machine learning?,Classification is a supervised learning task where a model predicts a discrete category or label for given input data.
What is a DataFrame column?,"A DataFrame column is a pandas Series representing one labeled field of data, e.g. data['Question']."
How do I install a Python package?,"You install a Python package using pip, e.g. pip install pandas."
What is a virtual environment?,A virtual environment is an isolated Python environment that lets you install packages for a specific project without affecting your system Python.
What does random_state do in train_test_split?,random_state sets a seed for the random split so the same train/test split is reproduced every time the code runs.
What is the difference between fit and fit_transform?,"fit() learns parameters from data, while fit_transform() learns the parameters and immediately applies the transformation, returning the transformed data."
What port does a Dash app run on by default?,A Dash app runs on http://127.0.0.1:8050 by default when started with app.run(debug=True).
